{
  "node_probs": {
    "key": 0.15732772276092213,
    "door": 0.15732772276092213,
    "stairs": 0.15732772276092213
  },
  "total_episodes": 807
}