{
  "node_probs": {
    "key": 0.5572282615806369,
    "door": 0.5572280382571054,
    "stairs": 0.5572281985327235
  },
  "total_episodes": 1404
}